"Rank","WSID","Overall","Team","Pos","Bye","Best","Worst","Avg","Std Dev","ADP","vs. ADP"
"1","","Todd Gurley","LAR","RB1","12","1","5","1.7","0.9","1.0","0.0"
"2","","Le'Veon Bell","PIT","RB2","7","1","6","2.5","1.2","2.0","0.0"
"3","","Ezekiel Elliott","DAL","RB3","8","1","8","3.2","1.4","3.0","0.0"
"4","","David Johnson","ARI","RB4","9","1","18","3.8","2.2","4.0","0.0"
"5","","Antonio Brown","PIT","WR1","7","2","8","4.9","1.3","5.0","0.0"
"6","","Alvin Kamara","NO","RB5","6","3","18","8.1","3.0","6.0","0.0"
"7","","DeAndre Hopkins","HOU","WR2","10","3","18","8.2","2.7","9.0","+2.0"
"8","","Saquon Barkley","NYG","RB6","9","2","17","8.6","3.3","7.0","-1.0"
"9","","Odell Beckham Jr.","NYG","WR3","9","4","21","9.9","2.7","12.0","+3.0"
"10","","Melvin Gordon","LAC","RB7","8","6","23","10.9","3.1","11.0","+1.0"
"11","","Leonard Fournette","JAC","RB8","9","5","22","11.3","3.4","8.0","-3.0"
"12","","Kareem Hunt","KC","RB9","12","5","24","11.4","3.1","10.0","-2.0"
"13","","Julio Jones","ATL","WR4","8","5","19","11.6","2.7","14.0","+1.0"
"14","","Michael Thomas","NO","WR5","6","7","22","14.3","3.0","15.0","+1.0"
"15","","Dalvin Cook","MIN","RB10","10","6","30","15.3","4.3","13.0","-2.0"
"16","","Keenan Allen","LAC","WR6","8","9","25","16.4","3.2","18.0","+2.0"
"17","","A.J. Green","CIN","WR7","9","9","24","17.4","2.7","20.0","+3.0"
"18","","Davante Adams","GB","WR8","7","10","37","18.1","3.8","19.0","+1.0"
"19","","Devonta Freeman","ATL","RB11","8","12","33","19.5","4.0","17.0","-2.0"
"20","","Jordan Howard","CHI","RB12","5","12","33","22.2","4.4","21.0","+1.0"
"21","","Rob Gronkowski","NE","TE1","11","11","34","23.4","3.8","22.0","+1.0"
"22","","Christian McCaffrey","CAR","RB13","4","10","46","23.5","6.3","16.0","-6.0"
"23","","Mike Evans","TB","WR9","5","15","53","24.4","6.3","24.0","+1.0"
"24","","Joe Mixon","CIN","RB14","9","11","50","25.5","6.6","23.0","-1.0"
"25","","T.Y. Hilton","IND","WR10","9","15","52","25.6","6.2","30.0","+5.0"
"26","","Jerick McKinnon","SF","RB15","11","12","74","29.2","9.2","27.0","+1.0"
"27","","Doug Baldwin","SEA","WR11","7","20","57","30.7","7.3","34.0","+7.0"
"28","","Travis Kelce","KC","TE2","12","19","57","31.4","8.3","29.0","+1.0"
"29","","Stefon Diggs","MIN","WR12","10","19","54","31.5","7.7","31.0","+2.0"
"30","","Adam Thielen","MIN","WR13","10","15","62","32.1","8.2","32.0","+2.0"
"31","","Tyreek Hill","KC","WR14","12","13","72","33.0","8.4","28.0","-3.0"
"32","","LeSean McCoy","BUF","RB16","11","9","89","33.6","13.1","26.0","-6.0"
"33","","Alex Collins","BAL","RB17","10","18","87","34.0","10.2","36.0","+3.0"
"34","","Amari Cooper","OAK","WR15","7","19","96","37.4","10.3","33.0","-1.0"
"35","","Larry Fitzgerald","ARI","WR16","9","25","71","39.0","7.4","44.0","+9.0"
"36","","Jay Ajayi","PHI","RB18","9","17","81","40.6","11.5","38.0","+2.0"
"37","","Derrick Henry","TEN","RB19","8","21","87","41.3","12.2","35.0","-2.0"
"38","","Kenyan Drake","MIA","RB20","11","23","98","41.7","13.2","37.0","-1.0"
"39","","Zach Ertz","PHI","TE3","9","23","67","42.4","10.6","39.0","0.0"
"40","","Demaryius Thomas","DEN","WR17","10","22","84","43.4","10.0","46.0","+6.0"
"41","","Allen Robinson","CHI","WR18","5","25","117","43.8","12.9","50.0","+9.0"
"42","","Lamar Miller","HOU","RB21","10","24","94","46.1","13.8","47.0","+5.0"
"43","","JuJu Smith-Schuster","PIT","WR19","7","29","92","47.4","10.0","41.0","-2.0"
"44","","Aaron Rodgers","GB","QB1","7","25","302","52.5","59.8","25.0","-19.0"
"45","","Royce Freeman","DEN","RB22","10","24","92","49.5","12.8","49.0","+4.0"
"46","","Marvin Jones","DET","WR20","6","22","101","49.6","12.0","55.0","+9.0"
"47","","Golden Tate","DET","WR21","6","32","83","50.9","9.2","54.0","+7.0"
"48","","Brandin Cooks","LAR","WR22","12","23","92","51.1","14.0","43.0","-5.0"
"49","","Josh Gordon","CLE","WR23","11","22","96","53.5","14.5","52.0","+3.0"
"50","","Jarvis Landry","CLE","WR24","11","29","95","54.7","12.7","42.0","-8.0"
"51","","Mark Ingram","NO","RB23","6","28","121","55.7","15.6","51.0","0.0"
"52","","Dion Lewis","TEN","RB24","8","28","105","57.6","14.7","60.0","+8.0"
"53","","Marshawn Lynch","OAK","RB25","7","30","130","58.4","16.6","65.0","+12.0"
"54","","Alshon Jeffery","PHI","WR25","9","30","125","57.1","18.5","57.0","+3.0"
"55","","Chris Hogan","NE","WR26","11","26","129","60.5","19.4","62.0","+7.0"
"56","","Russell Wilson","SEA","QB2","7","26","81","52.0","11.8","48.0","-8.0"
"57","","Tom Brady","NE","QB3","11","31","92","53.5","12.4","45.0","-12.0"
"58","","Greg Olsen","CAR","TE4","4","43","98","66.4","11.5","59.0","+1.0"
"59","","Cam Newton","CAR","QB4","4","35","89","58.1","11.8","56.0","-3.0"
"60","","Corey Davis","TEN","WR27","8","44","126","67.5","17.0","70.0","+10.0"
"61","","Michael Crabtree","BAL","WR28","10","37","124","68.0","15.2","71.0","+10.0"
"62","","Sammy Watkins","KC","WR29","12","34","121","68.2","17.7","76.0","+14.0"
"63","","Tevin Coleman","ATL","RB26","8","37","114","68.7","17.3","69.0","+6.0"
"64","","Deshaun Watson","HOU","QB5","10","30","109","61.8","15.2","40.0","-24.0"
"65","","Rex Burkhead","NE","RB27","11","29","217","71.1","26.9","72.0","+7.0"
"66","","Jimmy Graham","GB","TE5","7","30","156","72.6","19.4","53.0","-13.0"
"67","","Kerryon Johnson","DET","RB28","6","23","149","75.0","22.4","68.0","+1.0"
"68","","Marquise Goodwin","SF","WR30","11","36","149","75.7","19.7","74.0","+6.0"
"69","","Emmanuel Sanders","DEN","WR31","10","49","124","75.7","16.8","91.0","+22.0"
"70","","Evan Engram","NYG","TE6","9","49","134","75.8","15.2","63.0","-7.0"
"71","","Drew Brees","NO","QB6","6","38","108","69.0","14.4","64.0","-7.0"
"72","","Sony Michel","NE","RB29","11","30","169","76.5","23.9","67.0","-5.0"
"73","","Delanie Walker","TEN","TE7","8","54","113","78.5","13.1","78.0","+5.0"
"74","","Robby Anderson","NYJ","WR32","11","42","212","81.2","22.6","97.0","+23.0"
"75","","Kyle Rudolph","MIN","TE8","10","55","129","81.8","14.4","77.0","+2.0"
"76","","Robert Woods","LAR","WR33","12","45","136","80.6","16.1","85.0","+9.0"
"77","","Devin Funchess","CAR","WR34","4","45","179","80.8","21.3","84.0","+7.0"
"78","","Rashaad Penny","SEA","RB30","7","27","150","79.4","25.1","58.0","-20.0"
"79","","Carlos Hyde","CLE","RB31","11","42","130","82.0","20.4","75.0","-4.0"
"80","","Pierre Garcon","SF","WR35","11","49","130","82.5","18.1","95.0","+15.0"
"81","","Cooper Kupp","LAR","WR36","12","44","121","83.1","14.6","93.0","+12.0"
"82","","Isaiah Crowell","NYJ","RB32","11","43","228","84.4","24.6","89.0","+7.0"
"83","","Jamison Crowder","WAS","WR37","4","45","149","85.7","18.7","101.0","+18.0"
"84","","Carson Wentz","PHI","QB7","9","35","157","78.5","20.5","66.0","-18.0"
"85","","Kirk Cousins","MIN","QB8","10","41","138","80.2","17.4","80.0","-5.0"
"86","","Will Fuller","HOU","WR38","10","51","137","88.5","16.5","73.0","-13.0"
"87","","Ronald Jones II","TB","RB33","5","34","185","86.0","31.8","61.0","-26.0"
"88","","Jamaal Williams","GB","RB34","7","38","151","86.5","24.6","81.0","-7.0"
"89","","Andrew Luck","IND","QB9","9","48","218","85.1","24.0","82.0","-7.0"
"90","","Randall Cobb","GB","WR39","7","51","168","88.2","21.7","98.0","+8.0"
"91","","Matthew Stafford","DET","QB10","6","54","168","87.4","18.9","96.0","+5.0"
"92","","Trey Burton","CHI","TE9","5","50","187","98.1","22.0","94.0","+2.0"
"93","","Marlon Mack","IND","RB35","9","46","174","94.3","26.2","87.0","-6.0"
"94","","Chris Carson","SEA","RB36","7","49","197","99.4","31.0","100.0","+6.0"
"95","","Chris Thompson","WAS","RB37","4","42","215","94.7","24.7","88.0","-7.0"
"96","","Kenny Stills","MIA","WR40","11","46","252","99.7","29.1","125.0","+29.0"
"97","","Nelson Agholor","PHI","WR41","9","64","187","100.3","21.2","110.0","+13.0"
"98","","Ben Roethlisberger","PIT","QB11","7","52","132","96.3","16.6","99.0","+1.0"
"99","","C.J. Anderson","CAR","RB38","4","34","176","101.3","29.4","109.0","+10.0"
"100","","Julian Edelman","NE","WR42","11","57","191","100.7","22.4","79.0","-21.0"
"101","","Jordan Reed","WAS","TE10","4","60","213","103.6","23.4","90.0","-11.0"
"102","","Jordy Nelson","OAK","WR43","7","42","167","102.4","22.6","86.0","-16.0"
"103","","Philip Rivers","LAC","QB12","8","60","169","99.5","19.5","104.0","+1.0"
"104","","Duke Johnson","CLE","RB39","11","38","167","103.1","26.2","103.0","-1.0"
"105","","Kelvin Benjamin","BUF","WR44","11","71","186","105.8","20.6","112.0","+7.0"
"106","","Tarik Cohen","CHI","RB40","5","54","165","106.4","20.4","83.0","-23.0"
"107","","Jimmy Garoppolo","SF","QB13","11","65","224","106.3","21.6","92.0","-15.0"
"108","","Sterling Shepard","NYG","WR45","9","77","180","108.8","20.5","114.0","+6.0"
"109","","Devante Parker","MIA","WR46","11","54","180","110.4","26.5","111.0","+2.0"
"110","","Matt Ryan","ATL","QB14","8","59","232","111.7","23.2","102.0","-8.0"
"111","","David Njoku","CLE","TE11","11","70","168","118.3","21.1","113.0","+2.0"
"112","","Jack Doyle","IND","TE12","9","70","241","120.6","25.9","118.0","+6.0"
"113","","Marqise Lee","JAC","WR47","9","74","218","116.9","22.7","136.0","+23.0"
"114","","Aaron Jones","GB","RB41","7","33","236","117.6","33.2","105.0","-9.0"
"115","","Allen Hurns","DAL","WR48","8","57","260","119.2","31.2","117.0","+2.0"
"116","","Patrick Mahomes","KC","QB15","12","71","264","119.0","27.9","115.0","-1.0"
"117","","George Kittle","SF","TE13","11","77","184","125.1","21.7","128.0","+11.0"
"118","","Marcus Mariota","TEN","QB16","8","62","177","121.6","22.5","127.0","+9.0"
"119","","Jared Goff","LAR","QB17","12","80","161","122.0","17.4","108.0","-11.0"
"120","","Peyton Barber","TB","RB42","5","61","280","128.9","40.9","134.0","+14.0"
"121","","Alex Smith","WAS","QB18","4","66","197","123.9","22.1","131.0","+10.0"
"122","","Rishard Matthews","TEN","WR49","8","40","246","127.2","32.8","162.0","+40.0"
"123","","D.J. Moore","CAR","WR50","4","43","251","126.9","31.0","120.0","-3.0"
"124","","Josh Doctson","WAS","WR51","4","84","238","130.0","26.2","149.0","+25.0"
"125","","Nick Chubb","CLE","RB43","11","67","224","125.6","30.0","106.0","-19.0"
"126","","Kenny Golladay","DET","WR52","6","80","262","129.7","29.4","141.0","+15.0"
"127","","Ty Montgomery","GB","RB44","7","63","196","131.4","29.7","123.0","-4.0"
"128","","Dak Prescott","DAL","QB19","8","73","200","131.9","24.0","135.0","+7.0"
"129","","Bilal Powell","NYJ","RB45","11","60","191","130.6","28.6","154.0","+25.0"
"130","","Devontae Booker","DEN","RB46","10","76","280","134.4","31.6","121.0","-9.0"
"131","","Giovani Bernard","CIN","RB47","9","79","256","134.5","28.1","147.0","+16.0"
"132","","O.J. Howard","TB","TE14","5","85","216","139.4","27.2","152.0","+20.0"
"133","","Tyler Lockett","SEA","WR53","7","84","256","140.3","35.7","158.0","+25.0"
"134","","Cameron Meredith","NO","WR54","6","66","218","137.9","29.0","143.0","+9.0"
"135","","Mike Williams","LAC","WR55","8","82","226","139.1","33.6","132.0","-3.0"
"136","","Jacksonville (JAC)","","DST1","9","94","260","144.1","33.2","107.0","-29.0"
"137","","Tyler Eifert","CIN","TE15","9","89","252","146.1","31.7","137.0","0.0"
"138","","James White","NE","RB48","11","59","281","145.7","33.6","138.0","0.0"
"139","","Corey Clement","PHI","RB49","9","76","272","146.1","35.1","133.0","-6.0"
"140","","Latavius Murray","MIN","RB50","10","53","254","147.4","30.4","139.0","-1.0"
"141","","DeSean Jackson","TB","WR56","5","91","243","146.1","31.0","187.0","+46.0"
"142","","Cameron Brate","TB","TE16","5","89","248","154.2","29.5","184.0","+42.0"
"143","","Calvin Ridley","ATL","WR57","8","74","211","147.3","29.8","116.0","-27.0"
"144","","Derek Carr","OAK","QB20","7","102","244","151.9","26.3","130.0","-14.0"
"145","","Minnesota (MIN)","","DST2","10","104","262","151.0","27.2","124.0","-21.0"
"146","","Eric Ebron","IND","TE17","9","88","240","156.0","28.8","193.0","+47.0"
"147","","Anthony Miller","CHI","WR58","5","96","260","149.3","32.5","164.0","+17.0"
"148","","Tyrell Williams","LAC","WR59","8","81","259","155.0","40.8","183.0","+35.0"
"149","","Matt Breida","SF","RB51","11","75","272","153.5","34.1","155.0","+6.0"
"150","","Charles Clay","BUF","TE18","11","105","235","156.4","26.4","217.0","+67.0"
"151","","Chris Godwin","TB","WR60","5","93","233","152.2","32.6","180.0","+29.0"
"152","","Blake Bortles","JAC","QB21","9","100","226","153.5","26.8","177.0","+25.0"
"153","","Michael Gallup","DAL","WR61","8","95","247","146.9","31.4","145.0","-8.0"
"154","","Mitch Trubisky","CHI","QB22","5","97","225","155.5","25.5","167.0","+13.0"
"155","","Paul Richardson","WAS","WR62","4","91","221","151.8","27.3","189.0","+34.0"
"156","","Mohamed Sanu","ATL","WR63","8","73","263","157.4","37.0","170.0","+14.0"
"157","","Eli Manning","NYG","QB23","9","96","279","158.2","29.2","169.0","+12.0"
"158","","Philadelphia (PHI)","","DST3","9","111","284","158.5","28.7","129.0","-29.0"
"159","","Samaje Perine","WAS","RB52","4","65","266","152.9","47.0","160.0","+1.0"
"160","","Theo Riddick","DET","RB53","6","98","268","158.8","31.1","168.0","+8.0"
"161","","John Brown","BAL","WR64","10","83","246","158.5","39.5","192.0","+31.0"
"162","","LeGarrette Blount","DET","RB54","6","106","263","158.2","32.0","148.0","-14.0"
"163","","D'Onta Foreman","HOU","RB55","10","75","262","155.1","37.7","140.0","-23.0"
"164","","Jared Cook","OAK","TE19","7","86","231","159.7","26.1","188.0","+24.0"
"165","","Los Angeles (LAR)","","DST4","12","105","261","160.3","29.1","119.0","-46.0"
"166","","Dez Bryant","FA","WR65","","31","268","143.5","39.4","161.0","-5.0"
"167","","Ted Ginn","NO","WR66","6","106","254","160.8","30.7","174.0","+7.0"
"168","","Doug Martin","OAK","RB56","7","101","283","164.1","32.4","156.0","-12.0"
"169","","Los Angeles (LAC)","","DST5","8","113","288","165.4","29.5","142.0","-27.0"
"170","","Martavis Bryant","OAK","WR67","7","85","250","162.6","34.7","165.0","-5.0"
"171","","Jordan Wilkins","IND","RB57","9","88","252","158.5","36.3","163.0","-8.0"
"172","","Nyheim Hines","IND","RB58","9","104","282","163.4","32.3","150.0","-22.0"
"173","","Houston (HOU)","","DST6","10","120","292","167.6","29.4","151.0","-22.0"
"174","","Robert Kelley","WAS","RB59","4","61","288","153.3","45.3","144.0","-30.0"
"175","","Andy Dalton","CIN","QB24","9","100","267","170.9","29.7","211.0","+36.0"
"176","","Case Keenum","DEN","QB25","10","104","275","168.7","32.2","185.0","+9.0"
"177","","Austin Seferian-Jenkins","JAC","TE20","9","93","245","170.2","33.1","182.0","+5.0"
"178","","Denver (DEN)","","DST7","10","113","267","168.5","26.7","157.0","-21.0"
"179","","Dede Westbrook","JAC","WR68","9","71","251","168.1","36.6","171.0","-8.0"
"180","","Frank Gore","MIA","RB60","11","82","285","168.7","35.1","199.0","+19.0"
"181","","Ricky Seals-Jones","ARI","TE21","9","95","239","171.1","28.7","216.0","+35.0"
"182","","Baltimore (BAL)","","DST8","10","131","293","174.8","29.7","153.0","-29.0"
"183","","Keelan Cole","JAC","WR69","9","99","261","169.3","39.1","198.0","+15.0"
"184","","Jameis Winston","TB","QB26","5","93","260","177.2","32.1","159.0","-25.0"
"185","","John Ross","CIN","WR70","9","107","292","170.5","38.9","200.0","+15.0"
"186","","Stephen Gostkowski","NE","K1","11","125","315","176.4","29.6","122.0","-64.0"
"187","","Benjamin Watson","NO","TE22","6","86","260","174.4","31.7","210.0","+23.0"
"188","","Vance McDonald","PIT","TE23","7","110","292","178.9","32.2","245.0","+57.0"
"189","","Geronimo Allison","GB","WR71","7","120","265","176.8","30.7","195.0","+6.0"
"190","","Mike Wallace","PHI","WR72","9","116","251","178.0","33.3","264.0","+74.0"
"191","","Austin Hooper","ATL","TE24","8","110","274","179.7","29.1","213.0","+22.0"
"192","","Tyrod Taylor","CLE","QB27","11","100","334","184.7","41.8","212.0","+20.0"
"193","","Justin Tucker","BAL","K2","10","124","319","183.3","31.6","146.0","-47.0"
"194","","Quincy Enunwa","NYJ","WR73","11","103","242","180.0","31.1","274.0","+80.0"
"195","","Ryan Grant","IND","WR74","9","109","263","175.6","35.7","290.0","+95.0"
"196","","Chris Ivory","BUF","RB61","11","95","245","178.1","34.5","235.0","+39.0"
"197","","Christian Kirk","ARI","WR75","9","95","253","179.9","31.6","196.0","-1.0"
"198","","Greg Zuerlein","LAR","K3","12","121","313","184.5","29.3","126.0","-72.0"
"199","","Mike Gesicki","MIA","TE25","11","119","264","185.2","34.0","203.0","+4.0"
"200","","New Orleans (NO)","","DST9","6","120","297","185.6","28.8","179.0","-21.0"
"201","","Donte Moncrief","JAC","WR76","9","86","260","185.0","34.4","237.0","+36.0"
"202","","Ryan Tannehill","MIA","QB28","11","126","255","187.4","28.9","222.0","+20.0"
"203","","Austin Ekeler","LAC","RB62","8","100","286","185.8","35.3","166.0","-37.0"
"204","","Hayden Hurst","BAL","TE26","10","88","272","185.7","37.1","176.0","-28.0"
"205","","Matt Bryant","ATL","K4","8","129","366","191.8","34.2","194.0","-11.0"
"206","","Taywan Taylor","TEN","WR77","8","83","292","185.7","48.7","265.0","+59.0"
"207","","Danny Amendola","MIA","WR78","11","119","259","189.4","31.7","247.0","+40.0"
"208","","Corey Coleman","BUF","WR79","11","100","260","189.4","38.2","278.0","+70.0"
"209","","Spencer Ware","KC","RB63","12","110","266","188.6","32.5","204.0","-5.0"
"210","","James Washington","PIT","WR80","7","90","268","194.6","44.1","209.0","-1.0"
"211","","Seattle (SEA)","","DST10","7","127","348","196.0","40.3","227.0","+16.0"
"212","","Javorius Allen","BAL","RB64","10","116","282","188.8","37.4","225.0","+13.0"
"213","","New England (NE)","","DST11","11","143","308","192.2","29.6","202.0","-11.0"
"214","","Kenneth Dixon","BAL","RB65","10","109","268","186.2","36.9","218.0","+4.0"
"215","","Courtland Sutton","DEN","WR81","10","60","290","195.5","40.7","207.0","-8.0"
"216","","Pittsburgh (PIT)","","DST12","7","134","323","194.0","29.1","181.0","-35.0"
"217","","Carolina (CAR)","","DST13","4","137","306","195.2","29.8","186.0","-31.0"
"218","","Wil Lutz","NO","K5","6","136","364","197.5","32.1","172.0","-46.0"
"219","","Adrian Peterson","WAS","RB66","4","75","263","176.5","50.6","232.0","+13.0"
"220","","Kansas City (KC)","","DST14","12","133","363","205.9","42.4","239.0","+19.0"
"221","","Jermaine Kearse","NYJ","WR82","11","104","280","198.5","34.6","277.0","+56.0"
"222","","T.J. Yeldon","JAC","RB67","9","127","266","191.1","29.0","214.0","-8.0"
"223","","Cole Beasley","DAL","WR83","8","97","267","203.7","39.1","259.0","+36.0"
"224","","Jake Elliott","PHI","K6","9","140","367","205.1","33.4","173.0","-51.0"
"225","","Matt Prater","DET","K7","6","141","330","203.7","30.3","228.0","+3.0"
"226","","Kalen Ballage","MIA","RB68","11","91","286","200.5","42.4","208.0","-18.0"
"227","","Dan Bailey","DAL","K8","8","132","365","207.5","34.8","205.0","-22.0"
"228","","Dante Pettis","SF","WR84","11","104","281","203.0","38.1","267.0","+39.0"
"229","","Albert Wilson","MIA","WR85","11","146","264","203.4","29.1","291.0","+62.0"
"230","","Chicago (CHI)","","DST15","5","140","304","207.1","30.1","238.0","+8.0"
"231","","Atlanta (ATL)","","DST16","8","142","359","210.6","33.9","233.0","+2.0"
"232","","Joe Flacco","BAL","QB29","10","139","321","212.0","32.0","224.0","-8.0"
"233","","Chris Boswell","PIT","K9","7","145","373","209.8","31.7","201.0","-32.0"
"234","","Terrance Williams","DAL","WR86","8","131","280","209.1","34.6","269.0","+35.0"
"235","","Brandon Marshall","SEA","WR87","7","103","279","201.0","35.6","281.0","+46.0"
"236","","Jeremy Hill","NE","RB69","11","140","310","208.9","39.5","190.0","-46.0"
"237","","Harrison Butker","KC","K10","12","148","374","213.2","33.5","175.0","-62.0"
"238","","Jonathan Stewart","NYG","RB70","9","126","274","209.7","34.9","268.0","+30.0"
"239","","Darren Sproles","PHI","RB71","9","118","255","205.3","31.0","261.0","+22.0"
"240","","Mason Crosby","GB","K11","7","150","370","213.2","32.6","242.0","+2.0"
"241","","Arizona (ARI)","","DST17","9","144","322","214.7","32.6","229.0","-12.0"
"242","","Corey Grant","JAC","RB72","9","123","294","212.5","38.2","307.0","+65.0"
"243","","Terrelle Pryor","NYJ","WR88","11","141","277","211.7","29.6","276.0","+33.0"
"244","","Jordan Matthews","FA","WR89","","97","411","224.2","72.9","243.0","-1.0"
"245","","Green Bay (GB)","","DST18","7","138","361","223.5","37.1","236.0","-9.0"
"246","","Travis Benjamin","LAC","WR90","8","120","297","219.5","42.2","303.0","+57.0"
"247","","Wayne Gallman","NYG","RB73","9","109","338","213.7","39.3","302.0","+55.0"
"248","","Sam Bradford","ARI","QB30","9","152","296","213.8","32.1","221.0","-27.0"
"249","","James Conner","PIT","RB74","7","147","300","224.4","43.8","219.0","-30.0"
"250","","Alfred Morris","SF","RB75","11","106","347","203.4","52.3","318.0","+68.0"
"251","","Luke Willson","DET","TE27","6","144","268","210.9","29.7","230.0","-21.0"
"252","","Chase Edmonds","ARI","RB76","9","149","297","219.4","35.2","263.0","+11.0"
"253","","Ameer Abdullah","DET","RB77","6","125","338","218.1","44.6","299.0","+46.0"
"254","","New York (NYG)","","DST19","9","147","362","227.8","40.8","271.0","+17.0"
"255","","Eric Decker","NE","WR91","11","135","283","214.3","31.1","220.0","-35.0"
"256","","Robbie Gould","SF","K12","11","146","375","220.5","35.1","178.0","-78.0"
"257","","Graham Gano","CAR","K13","4","152","391","224.9","36.7","260.0","+3.0"
"258","","Vernon Davis","WAS","TE28","4","166","273","218.3","25.8","284.0","+26.0"
"259","","Tre'Quan Smith","NO","WR92","6","140","374","235.8","54.6","279.0","+20.0"
"260","","Jaron Brown","SEA","WR93","7","140","290","224.6","35.6","367.0","+107.0"
"261","","Antonio Callaway","CLE","WR94","11","127","360","233.8","56.2","289.0","+28.0"
"262","","Cincinnati (CIN)","","DST20","9","154","341","232.6","35.1","320.0","+58.0"
"263","","Tyler Kroft","CIN","TE29","9","134","298","230.5","41.6","363.0","+100.0"
"264","","Brandon McManus","DEN","K14","10","155","368","237.7","44.2","294.0","+30.0"
"265","","Jake Butt","DEN","TE30","10","132","294","224.0","36.6","215.0","-50.0"
"266","","Ryan Succop","TEN","K15","8","157","393","229.2","44.7","262.0","-4.0"
"267","","Willie Snead","BAL","WR95","10","142","306","230.8","33.4","310.0","+43.0"
"268","","J.J. Nelson","ARI","WR96","9","145","303","227.2","34.8","345.0","+77.0"
"269","","Sam Darnold","NYJ","QB31","11","149","302","228.3","37.9","240.0","-29.0"
"270","","C.J. Prosise","SEA","RB78","7","158","311","232.5","38.6","323.0","+53.0"
"271","","John Kelly","LAR","RB79","12","167","317","235.8","39.7","283.0","+12.0"
"272","","Rod Smith","DAL","RB80","8","167","283","232.1","34.8","280.0","+8.0"
"273","","Kenny Britt","NE","WR97","11","141","311","243.7","46.4","",""
"274","","Tennessee (TEN)","","DST21","8","164","360","231.9","38.8","191.0","-83.0"
"275","","Josh Allen","BUF","QB32","11","166","277","221.7","31.8","241.0","-34.0"
"276","","Adam Vinatieri","IND","K16","9","168","372","226.5","33.4","248.0","-28.0"
"277","","Trent Taylor","SF","WR98","11","151","287","229.9","32.5","329.0","+52.0"
"278","","Kai Forbath","FA","K17","","153","378","230.8","41.7","246.0","-32.0"
"279","","Baker Mayfield","CLE","QB33","11","141","322","234.0","41.8","197.0","-82.0"
"280","","Elijah McGuire","NYJ","RB81","11","154","413","239.7","44.5","304.0","+24.0"
"281","","Jeremy Maclin","FA","WR99","","130","397","243.6","70.6","328.0","+47.0"
"282","","Phillip Dorsett","NE","WR100","11","136","332","213.2","68.5","249.0","-33.0"
"283","","Taylor Gabriel","CHI","WR101","5","175","291","233.8","29.7","352.0","+69.0"
"284","","Zay Jones","BUF","WR102","11","163","280","235.1","28.0","226.0","-58.0"
"285","","Daniel Carlson","MIN","K18","10","169","395","249.0","52.2","250.0","-35.0"
"286","","Chester Rogers","IND","WR103","9","166","307","237.3","35.0","319.0","+33.0"
"287","","Detroit (DET)","","DST22","6","166","379","253.0","47.5","282.0","-5.0"
"288","","Mack Hollins","PHI","WR104","9","137","370","252.5","63.6","",""
"289","","Mike Davis","SEA","RB82","7","168","319","266.4","49.7","",""
"290","","Antonio Gates","FA","TE31","","158","333","244.2","44.8","272.0","-18.0"
"291","","Joe Williams","SF","RB83","11","137","333","243.3","44.2","331.0","+40.0"
"292","","Ed Dickson","SEA","TE32","7","160","305","238.0","36.1","337.0","+45.0"
"293","","Stephen Anderson","HOU","TE33","10","165","309","256.3","41.0","382.0","+89.0"
"294","","Curtis Samuel","CAR","WR105","4","158","299","239.6","35.0","346.0","+52.0"
"295","","Adam Shaheen","CHI","TE34","5","155","307","240.1","40.2","344.0","+49.0"
"296","","D.J. Chark","JAC","WR106","9","161","323","258.7","50.7","306.0","+10.0"
"297","","Buffalo (BUF)","","DST23","11","164","377","254.9","53.5","256.0","-41.0"
"298","","Lamar Jackson","BAL","QB34","10","159","324","243.6","41.3","231.0","-67.0"
"299","","Josh McCown","NYJ","QB35","11","177","292","232.9","32.8","285.0","-14.0"
"300","","Josh Lambo","JAC","K19","9","174","380","248.3","44.7","223.0","-77.0"
"301","","Jonathan Williams","NO","RB84","6","164","327","244.6","54.0","354.0","+53.0"
"302","","C.J. Fiedorowicz","FA","TE35","","153","214","194.8","24.7","",""
"303","","Equanimeous St. Brown","GB","WR107","7","152","365","245.2","62.8","373.0","+70.0"
"304","","J'Mon Moore","GB","WR108","7","153","334","247.5","58.5","298.0","-6.0"
"305","","Dontrelle Inman","FA","WR109","","183","190","185.3","3.3","",""
"306","","Ryan Fitzpatrick","TB","QB36","5","170","297","234.2","42.9","255.0","-51.0"
"307","","Brice Butler","ARI","WR110","9","180","313","235.0","30.3","343.0","+36.0"
"308","","Josh Rosen","ARI","QB37","9","169","294","236.4","30.6","254.0","-54.0"
"309","","Josh Hill","NO","TE36","6","156","320","246.8","48.0","",""
"310","","Gerald Everett","LAR","TE37","12","167","351","238.2","34.1","351.0","+41.0"
"311","","Nick Vannett","SEA","TE38","7","186","338","246.6","43.9","348.0","+37.0"
"312","","Mark Walton","CIN","RB85","9","181","350","273.9","50.5","340.0","+28.0"
"313","","San Francisco (SF)","","DST24","11","165","382","296.6","50.1","296.0","-17.0"
"314","","Jesse James","PIT","TE39","7","167","339","265.5","37.0","341.0","+27.0"
"315","","Tavon Austin","DAL","WR111","8","173","324","246.0","34.0","273.0","-42.0"
"316","","Teddy Bridgewater","NYJ","QB38","11","184","409","269.3","72.0","383.0","+67.0"
"317","","Bo Scarbrough","DAL","RB86","8","171","320","273.3","50.8","317.0","0.0"
"318","","Phil Dawson","ARI","K20","9","172","394","275.1","55.7","287.0","-31.0"
"319","","Ka'imi Fairbairn","HOU","K21","10","173","396","261.2","50.8","266.0","-53.0"
"320","","Kendall Wright","MIN","WR112","10","173","329","263.0","32.0","368.0","+48.0"
"321","","Kevin White","CHI","WR113","5","175","357","247.3","41.9","275.0","-46.0"
"322","","Robert Turbin","IND","RB87","9","175","358","283.2","44.6","",""
"323","","Tyler Boyd","CIN","WR114","9","181","306","240.4","34.6","376.0","+53.0"
"324","","Dallas Goedert","PHI","TE40","9","188","323","241.8","41.6","252.0","-72.0"
"325","","DeAndre Washington","OAK","RB88","7","179","357","263.6","40.2","333.0","+8.0"
"326","","Orleans Darkwa","FA","RB89","","179","410","286.4","57.9","309.0","-17.0"
"327","","Torrey Smith","CAR","WR115","4","184","330","248.4","24.6","335.0","+8.0"
"328","","Blair Walsh","FA","K22","","185","300","248.3","30.3","",""
"329","","De'Angelo Henderson","DEN","RB90","10","186","303","253.9","32.0","321.0","-8.0"
"330","","Garrett Celek","SF","TE41","11","186","335","271.1","37.5","257.0","-73.0"
"331","","Caleb Sturgis","LAC","K23","8","188","400","264.4","55.6","377.0","+46.0"
"332","","Dallas (DAL)","","DST25","8","188","385","275.1","47.0","206.0","-126.0"
"333","","Ryan Griffin","HOU","TE42","10","189","346","242.7","42.4","308.0","-25.0"
"334","","Justin Jackson","LAC","RB91","8","190","314","258.0","38.1","338.0","+4.0"
"335","","Tyler Ervin","HOU","RB92","10","191","246","218.5","27.5","",""
"336","","Nick Foles","PHI","QB39","9","191","299","242.8","40.1","292.0","-44.0"
"337","","Chad Williams","ARI","WR116","9","191","315","259.6","29.8","305.0","-32.0"
"338","","Terrance West","NO","RB93","6","196","356","266.3","47.6","381.0","+43.0"
"339","","Kyle Juszczyk","SF","RB94","11","191","347","279.3","45.4","",""
"340","","Washington (WAS)","","DST26","4","191","384","283.6","48.8","314.0","-26.0"
"341","","Virgil Green","LAC","TE43","8","193","310","246.7","28.9","312.0","-29.0"
"342","","Cairo Santos","NYJ","K24","11","194","392","268.7","48.1","244.0","-98.0"
"343","","Mike Gillislee","NE","RB95","11","195","341","261.9","40.0","359.0","+16.0"
"344","","Steven Hauschka","BUF","K25","11","196","399","271.9","55.2","258.0","-86.0"
"345","","Jalen Richard","OAK","RB96","7","197","314","252.2","28.9","358.0","+13.0"
"346","","Cleveland (CLE)","","DST27","11","197","386","272.4","57.1","301.0","-45.0"
"347","","Jaylen Samuels","PIT","TE44","7","198","361","276.7","57.4","332.0","-15.0"
"348","","Mark Andrews","BAL","TE45","10","198","357","287.8","49.3","270.0","-78.0"
"349","","Blake Jarwin","DAL","TE46","8","199","340","265.1","51.5","234.0","-115.0"
"350","","Cody Latimer","NYG","WR117","9","199","376","270.3","64.9","339.0","-11.0"
"351","","Tampa Bay (TB)","","DST28","5","199","381","274.3","47.2","334.0","-17.0"
"352","","Breshad Perriman","BAL","WR118","10","199","396","312.0","83.0","",""
"353","","Jeremy McNichols","SF","RB97","11","203","311","240.0","50.2","386.0","+33.0"
"354","","Jordan Akins","HOU","TE47","10","205","279","242.0","37.0","353.0","-1.0"
"355","","Coby Fleener","FA","TE48","","240","259","249.5","9.5","326.0","-29.0"
"356","","Marquez Valdes-Scantling","GB","WR119","7","243","265","254.0","11.0","",""
"357","","Keke Coutee","HOU","WR120","10","214","311","256.3","27.4","293.0","-64.0"
"358","","Adam Humphries","TB","WR121","5","203","325","256.4","40.2","347.0","-11.0"
"359","","Phillip Lindsay","DEN","RB98","10","231","284","257.5","26.5","",""
"360","","Cordarrelle Patterson","NE","WR122","11","205","335","260.0","39.5","322.0","-38.0"
"361","","AJ McCarron","BUF","QB40","11","211","295","261.0","28.5","286.0","-75.0"
"362","","Ryan Switzer","OAK","WR123","7","222","353","265.5","53.1","",""
"363","","Jakeem Grant","MIA","WR124","11","203","379","266.8","60.3","",""
"364","","DaeSean Hamilton","DEN","WR125","10","222","349","269.0","56.9","366.0","+2.0"
"365","","Jonnu Smith","TEN","TE49","8","207","337","272.8","39.6","336.0","-29.0"
"366","","Alfred Blue","HOU","RB99","10","209","369","273.1","48.0","380.0","+14.0"
"367","","Bruce Ellington","HOU","WR126","10","248","299","274.0","18.1","",""
"368","","Tyler Higbee","LAR","TE50","12","202","355","274.2","38.2","362.0","-6.0"
"369","","Charles Sims","TB","RB100","5","214","355","279.2","35.5","316.0","-53.0"
"370","","Jacoby Brissett","IND","QB41","9","255","300","279.7","18.6","375.0","+5.0"
"371","","Thomas Rawls","NYJ","RB101","11","205","329","281.3","35.2","",""
"372","","Akrum Wadley","TEN","RB102","8","208","354","282.0","59.6","",""
"373","","Dustin Hopkins","WAS","K26","4","208","401","284.2","51.3","311.0","-62.0"
"374","","Jeremy Kerley","BUF","WR127","11","207","356","286.2","55.0","",""
"375","","Cody Parkey","CHI","K27","5","207","403","287.8","50.6","",""
"376","","Keith Smith","OAK","RB103","7","285","291","288.0","3.0","",""
"377","","Chris Conley","KC","WR128","12","212","354","289.6","46.1","",""
"378","","Malcolm Mitchell","FA","WR129","","255","366","290.8","44.6","253.0","-125.0"
"379","","Chandler Catanzaro","TB","K28","5","204","398","291.5","56.9","288.0","-91.0"
"380","","Jacquizz Rodgers","TB","RB104","5","233","334","291.7","31.1","355.0","-25.0"
"381","","Chris Herndon IV","NYJ","TE51","11","209","366","291.8","54.9","",""
"382","","Charcandrick West","KC","RB105","12","259","328","293.0","28.2","",""
"383","","Seth Roberts","OAK","WR130","7","244","348","296.0","42.5","372.0","-11.0"
"384","","ArDarius Stewart","NYJ","WR131","11","216","383","299.5","83.5","",""
"385","","Malcolm Brown","LAR","RB106","12","232","345","299.5","45.5","",""
"386","","Jeff Heuerman","DEN","TE52","10","205","386","299.8","65.3","360.0","-26.0"
"387","","Travaris Cadet","BUF","RB107","11","252","352","300.6","27.8","",""
"388","","Demarcus Robinson","KC","WR132","12","209","380","301.4","61.6","",""
"389","","Sebastian Janikowski","SEA","K29","7","203","397","301.6","65.2","297.0","-92.0"
"390","","Laquon Treadwell","MIN","WR133","10","229","345","301.8","46.3","364.0","-26.0"
"391","","Cameron Artis-Payne","CAR","RB108","4","233","351","302.5","44.0","313.0","-78.0"
"392","","Nick O'Leary","BUF","TE53","11","278","336","302.8","23.0","",""
"393","","Brandon LaFell","FA","WR134","","211","412","303.3","61.9","357.0","-36.0"
"394","","Ito Smith","ATL","RB109","8","228","344","303.8","46.4","356.0","-38.0"
"395","","Seth DeValve","CLE","TE54","11","261","339","305.0","32.6","",""
"396","","Michael Roberts","DET","TE55","6","283","328","305.5","22.5","",""
"397","","Boston Scott","NO","RB110","6","247","371","306.2","35.6","",""
"398","","Randy Bullock","CIN","K30","9","213","404","308.5","95.5","",""
"399","","New York (NYJ)","","DST29","11","202","392","309.3","73.2","324.0","-75.0"
"400","","J.D. McKissic","SEA","RB111","7","268","355","312.0","34.6","349.0","-51.0"
"401","","Demetrius Harris","KC","TE56","12","293","324","313.3","14.4","",""
"402","","Kendrick Bourne","SF","WR135","11","238","389","313.5","75.5","",""
"403","","Clive Walford","NYJ","TE57","11","295","332","313.7","15.1","",""
"404","","Damien Williams","KC","RB112","12","265","361","314.0","39.3","",""
"405","","Josh Reynolds","LAR","WR136","12","256","362","315.5","47.4","",""
"406","","Dwayne Allen","NE","TE58","11","313","318","315.5","2.5","",""
"407","","Oakland (OAK)","","DST30","7","216","389","316.8","65.5","295.0","-112.0"
"408","","Aldrick Rosas","NYG","K31","9","212","405","317.0","79.7","",""
"409","","Marcedes Lewis","GB","TE59","7","294","340","317.0","23.0","374.0","-35.0"
"410","","Jordan Leggett","NYJ","TE60","11","290","345","317.5","27.5","",""
"411","","Jermaine Gresham","ARI","TE61","9","277","351","320.8","28.0","",""
"412","","Carlos Henderson","DEN","WR137","10","260","363","321.6","44.6","",""
"413","","Roger Lewis","NYG","WR138","9","295","368","321.7","32.9","",""
"414","","Andre Holmes","BUF","WR139","11","294","351","322.5","28.5","",""
"415","","Amara Darboh","SEA","WR140","7","289","371","323.5","29.3","",""
"416","","Niles Paul","JAC","TE62","9","318","332","325.0","7.0","",""
"417","","Chris Moore","BAL","WR141","10","283","378","330.5","47.5","",""
"418","","Rico Gathers","DAL","TE63","8","305","346","331.5","16.0","300.0","-118.0"
"419","","TJ Jones","DET","WR142","6","203","407","333.8","78.7","",""
"420","","Tajae Sharpe","TEN","WR143","8","287","387","337.0","50.0","",""
"421","","Giorgio Tavecchio","FA","K32","","284","402","343.0","59.0","",""
"422","","Justin Hardy","ATL","WR144","8","269","408","347.3","58.1","",""
"423","","Nick Boyle","BAL","TE64","10","344","359","351.5","7.5","",""
"424","","Benny Cunningham","CHI","RB113","5","344","366","354.7","9.0","",""
"425","","Miami (MIA)","","DST31","11","314","388","358.4","24.3","",""
"426","","Rhett Ellison","NYG","TE65","9","342","375","358.5","16.5","",""
"427","","D.J. Foster","ARI","RB114","9","349","369","359.0","10.0","",""
"428","","Indianapolis (IND)","","DST32","9","315","400","367.0","32.9","",""
"429","","David Fluellen","TEN","RB115","8","383","398","390.5","7.5","",""
""
""